{
    "_checkpoint": {
        "global_record": {
            "index": -1,
            "route_id": -1,
            "status": "Failed",
            "infractions": {
                "collisions_layout": 0.761,
                "collisions_pedestrian": 0.38,
                "collisions_vehicle": 2.283,
                "red_light": 0.0,
                "stop_infraction": 0.19,
                "outside_route_lanes": 0,
                "min_speed_infractions": 0.761,
                "yield_emergency_vehicles_infractions": 0.0,
                "scenario_timeouts": 1.332,
                "route_dev": 0.19,
                "vehicle_blocked": 0.38,
                "route_timeout": 0.19
            },
            "scores_mean": {
                "score_composed": 7.887785,
                "score_route": 36.338,
                "score_penalty": 0.51887
            },
            "scores_std_dev": {
                "score_composed": 9.191,
                "score_route": 40.987,
                "score_penalty": 0.463
            },
            "meta": {
                "exceptions": [
                    [
                        "RouteScenario_1_rep0",
                        1,
                        "Failed - Agent timed out"
                    ],
                    [
                        "RouteScenario_2_rep0",
                        2,
                        "Failed - Agent got blocked"
                    ],
                    [
                        "RouteScenario_3_rep0",
                        3,
                        "Failed - Agent deviated from the route"
                    ],
                    [
                        "RouteScenario_4_rep0",
                        4,
                        "Failed - Agent got blocked"
                    ]
                ]
            }
        },
        "progress": [
            5,
            5
        ],
        "records": [
            {
                "index": 0,
                "route_id": "RouteScenario_0_rep0",
                "status": "Completed",
                "num_infractions": 23,
                "infractions": {
                    "collisions_layout": [
                        "Agent collided against object with type=static.prop.trafficwarning and id=3778 at (x=-3029.928, y=3685.467, z=355.482)",
                        "Agent collided against object with type=static.prop.trafficwarning and id=3778 at (x=-3033.509, y=3679.42, z=355.355)"
                    ],
                    "collisions_pedestrian": [
                        "Agent collided against object with type=walker.pedestrian.0049 and id=3733 at (x=-3886.552, y=3777.048, z=346.971)",
                        "Agent collided against object with type=walker.pedestrian.0044 and id=3756 at (x=-3357.244, y=4073.517, z=364.676)"
                    ],
                    "collisions_vehicle": [
                        "Agent collided against object with type=vehicle.diamondback.century and id=3697 at (x=-3418.089, y=3260.08, z=359.142)",
                        "Agent collided against object with type=vehicle.lincoln.mkz_2020 and id=3881 at (x=-3427.402, y=3635.846, z=362.378)",
                        "Agent collided against object with type=vehicle.gazelle.omafiets and id=3715 at (x=-3626.344, y=3515.014, z=360.618)",
                        "Agent collided against object with type=vehicle.dodge.charger_police_2020 and id=3717 at (x=-3897.14, y=3486.397, z=347.146)",
                        "Agent collided against object with type=vehicle.mercedes.coupe_2020 and id=3921 at (x=-3907.225, y=3675.642, z=343.702)",
                        "Agent collided against object with type=vehicle.ford.crown and id=3737 at (x=-3655.962, y=4002.052, z=359.212)",
                        "Agent collided against object with type=vehicle.dodge.charger_police_2020 and id=3758 at (x=-3442.741, y=4236.13, z=361.831)",
                        "Agent collided against object with type=vehicle.mercedes.coupe_2020 and id=3772 at (x=-3248.841, y=4504.613, z=368.656)",
                        "Agent collided against object with type=vehicle.gazelle.omafiets and id=3773 at (x=-3302.879, y=4264.141, z=365.822)",
                        "Agent collided against object with type=vehicle.mercedes.coupe_2020 and id=3776 at (x=-3125.364, y=4082.136, z=362.806)"
                    ],
                    "red_light": [],
                    "stop_infraction": [
                        "Agent ran a stop with id=147 at (x=-2930.142, y=3888.182, z=360.212)"
                    ],
                    "outside_route_lanes": [],
                    "min_speed_infractions": [
                        "Average speed is 71.72% of the surrounding traffic's one",
                        "Average speed is 94.45% of the surrounding traffic's one",
                        "Average speed is 94.45% of the surrounding traffic's one"
                    ],
                    "yield_emergency_vehicles_infractions": [],
                    "scenario_timeouts": [
                        "Agent timed out a scenario",
                        "Agent timed out a scenario",
                        "Agent timed out a scenario",
                        "Agent timed out a scenario",
                        "Agent timed out a scenario"
                    ],
                    "route_dev": [],
                    "vehicle_blocked": [],
                    "route_timeout": []
                },
                "scores": {
                    "score_route": 100,
                    "score_penalty": 7.6e-05,
                    "score_composed": 0.007599
                },
                "meta": {
                    "route_length": 4210.947,
                    "duration_game": 1699.9,
                    "duration_system": 3460.504
                }
            },
            {
                "index": 1,
                "route_id": "RouteScenario_1_rep0",
                "status": "Failed - Agent timed out",
                "num_infractions": 5,
                "infractions": {
                    "collisions_layout": [
                        "Agent collided against object with type=static.prop.trafficwarning and id=7837 at (x=-1361.819, y=1608.826, z=327.959)",
                        "Agent collided against object with type=static.prop.trafficwarning and id=7837 at (x=-1372.487, y=1608.721, z=327.849)"
                    ],
                    "collisions_pedestrian": [],
                    "collisions_vehicle": [
                        "Agent collided against object with type=vehicle.diamondback.century and id=7846 at (x=-1574.971, y=1607.046, z=324.335)"
                    ],
                    "red_light": [],
                    "stop_infraction": [],
                    "outside_route_lanes": [],
                    "min_speed_infractions": [],
                    "yield_emergency_vehicles_infractions": [],
                    "scenario_timeouts": [
                        "Agent timed out a scenario"
                    ],
                    "route_dev": [],
                    "vehicle_blocked": [],
                    "route_timeout": [
                        "Route timeout."
                    ]
                },
                "scores": {
                    "score_route": 12.14,
                    "score_penalty": 0.17745,
                    "score_composed": 2.154243
                },
                "meta": {
                    "route_length": 3206.913,
                    "duration_game": 475.85,
                    "duration_system": 1095.488
                }
            },
            {
                "index": 2,
                "route_id": "RouteScenario_2_rep0",
                "status": "Failed - Agent got blocked",
                "num_infractions": 1,
                "infractions": {
                    "collisions_layout": [],
                    "collisions_pedestrian": [],
                    "collisions_vehicle": [],
                    "red_light": [],
                    "stop_infraction": [],
                    "outside_route_lanes": [],
                    "min_speed_infractions": [],
                    "yield_emergency_vehicles_infractions": [],
                    "scenario_timeouts": [],
                    "route_dev": [],
                    "vehicle_blocked": [
                        "Agent got blocked at (x=255.333, y=3808.387, z=363.823)"
                    ],
                    "route_timeout": []
                },
                "scores": {
                    "score_route": 4.73,
                    "score_penalty": 1.0,
                    "score_composed": 4.73
                },
                "meta": {
                    "route_length": 884.393,
                    "duration_game": 204.25,
                    "duration_system": 448.117
                }
            },
            {
                "index": 3,
                "route_id": "RouteScenario_3_rep0",
                "status": "Failed - Agent deviated from the route",
                "num_infractions": 1,
                "infractions": {
                    "collisions_layout": [],
                    "collisions_pedestrian": [],
                    "collisions_vehicle": [],
                    "red_light": [],
                    "stop_infraction": [],
                    "outside_route_lanes": [],
                    "min_speed_infractions": [],
                    "yield_emergency_vehicles_infractions": [],
                    "scenario_timeouts": [],
                    "route_dev": [
                        "Agent deviated from the route at (x=465.524, y=4485.719, z=370.326)"
                    ],
                    "vehicle_blocked": [],
                    "route_timeout": []
                },
                "scores": {
                    "score_route": 9.48,
                    "score_penalty": 1.0,
                    "score_composed": 9.48
                },
                "meta": {
                    "route_length": 1231.288,
                    "duration_game": 27.85,
                    "duration_system": 88.081
                }
            },
            {
                "index": 4,
                "route_id": "RouteScenario_4_rep0",
                "status": "Failed - Agent got blocked",
                "num_infractions": 4,
                "infractions": {
                    "collisions_layout": [],
                    "collisions_pedestrian": [],
                    "collisions_vehicle": [
                        "Agent collided against object with type=vehicle.dodge.charger_police_2020 and id=19451 at (x=3710.527, y=1995.285, z=350.156)"
                    ],
                    "red_light": [],
                    "stop_infraction": [],
                    "outside_route_lanes": [],
                    "min_speed_infractions": [
                        "Average speed is 97.48% of the surrounding traffic's one"
                    ],
                    "yield_emergency_vehicles_infractions": [],
                    "scenario_timeouts": [
                        "Agent timed out a scenario"
                    ],
                    "route_dev": [],
                    "vehicle_blocked": [
                        "Agent got blocked at (x=3710.641, y=2383.847, z=359.966)"
                    ],
                    "route_timeout": []
                },
                "scores": {
                    "score_route": 55.34,
                    "score_penalty": 0.416825,
                    "score_composed": 23.067084
                },
                "meta": {
                    "route_length": 900.445,
                    "duration_game": 491.05,
                    "duration_system": 962.542
                }
            }
        ]
    },
    "entry_status": "Finished",
    "eligible": true,
    "sensors": [],
    "values": [
        "7.887785",
        "36.338",
        "0.51887",
        "0.38",
        "2.283",
        "0.761",
        "0.0",
        "0.19",
        "0",
        "0.19",
        "0.19",
        "0.38",
        "0.0",
        "1.332",
        "0.761"
    ],
    "labels": [
        "Avg. driving score",
        "Avg. route completion",
        "Avg. infraction penalty",
        "Collisions with pedestrians",
        "Collisions with vehicles",
        "Collisions with layout",
        "Red lights infractions",
        "Stop sign infractions",
        "Off-road infractions",
        "Route deviations",
        "Route timeouts",
        "Agent blocked",
        "Yield emergency vehicles infractions",
        "Scenario timeouts",
        "Min speed infractions"
    ]
}