<routes>
<route id="2" town="Town12">
      <!-- Urban route focused on high density areas with obstacle -->
      <weathers>
         <weather route_percentage="0"
            cloudiness="60.0" precipitation="60.0" precipitation_deposits="60.0" wetness="0.0"
            wind_intensity="60.0" sun_azimuth_angle="-1.0" sun_altitude_angle="45.0" fog_density="3.0"/>
         <weather route_percentage="100"
            cloudiness="80.0" precipitation="0.0" precipitation_deposits="50.0" wetness="20.0"
            wind_intensity="10.0" sun_azimuth_angle="-1.0" sun_altitude_angle="45.0" fog_density="3.0"/>
      </weathers>
      <waypoints>
         <position x="248.9" y="3856.1" z="364.2"/>
         <position x="3.5" y="3810.3" z="367.9"/>
         <position x="-70.2" y="3656.3" z="364.1"/>
         <position x="-116.9" y="3489.5" z="365.8"/>
         <position x="-179.7" y="3593.1" z="366.2"/>
      </waypoints>
      <scenarios>
         <scenario name="ParkingExit_1" type="ParkingExit">
            <trigger_point x="-174.5" y="4467.8" z="373.1" yaw="269.9"/>
            <direction value="right"/>
            <front_vehicle_distance value="9"/>
            <behind_vehicle_distance value="9"/>
         </scenario>
         <scenario name="ParkingCutIn_1" type="ParkingCutIn">
            <trigger_point x="-174.5" y="4391.1" z="373.1" yaw="269.9"/>
            <direction value="right"/>
         </scenario>
         <scenario name="SignalizedJunctionLeftTurn_1" type="SignalizedJunctionLeftTurn">
            <trigger_point x="-174.6" y="4251.0" z="373.0" yaw="-89.9"/>
            <flow_speed value="8"/>
            <source_dist_interval from="10" to="55"/>
         </scenario>
         <scenario name="DynamicObjectCrossing_1" type="DynamicObjectCrossing">
            <trigger_point x="-203.5" y="4191.7" z="372.8" yaw="179.9"/>
            <distance value="45"/>
            <blocker_model value="static.prop.advertisement"/>
            <crossing_angle value="10"/>
         </scenario>
         <scenario name="BlockedIntersection_1" type="BlockedIntersection">
            <trigger_point x="-264.8" y="4191.8" z="373.0" yaw="179.9"/>
         </scenario>
         <scenario name="ParkingCrossingPedestrian_1" type="ParkingCrossingPedestrian">
            <trigger_point x="-283.9" y="4162.2" z="372.9" yaw="-90.3"/>
            <direction value="left"/>
         </scenario>
         <scenario name="ParkingCutIn_2" type="ParkingCutIn">
            <trigger_point x="-284.4" y="4056.2" z="372.2" yaw="-90.3"/>
            <direction value="left"/>
         </scenario>
         <scenario name="NonSignalizedJunctionRightTurn_1" type="NonSignalizedJunctionRightTurn">
            <trigger_point x="-284.5" y="4040.9" z="372.0" yaw="-90.3"/>
            <flow_speed value="13"/>
            <source_dist_interval from="40" to="70"/>
         </scenario>
         <scenario name="ParkingCutIn_3" type="ParkingCutIn">
            <trigger_point x="-177.4" y="3996.6" z="371.4" yaw="89.7"/>
            <direction value="left"/>
         </scenario>
         <scenario name="PedestrianCrossing_1" type="PedestrianCrossing">
            <trigger_point x="-177.2" y="4041.6" z="371.8" yaw="89.7"/>
         </scenario>
         <scenario name="BlockedIntersection_2" type="BlockedIntersection">
            <trigger_point x="-177.1" y="4060.1" z="372.0" yaw="89.7"/>
         </scenario>
         <scenario name="OppositeVehicleRunningRedLight_1" type="OppositeVehicleRunningRedLight">
            <trigger_point x="-252.3" y="4084.7" z="372.4" yaw="179.8"/>
            <direction value="left"/>
         </scenario>
         <scenario name="ParkingCrossingPedestrian_2" type="ParkingCrossingPedestrian">
            <trigger_point x="-390.3" y="4113.6" z="372.6" yaw="90.0"/>
            <distance value="50"/>
         </scenario>
         <scenario name="PedestrianCrossing_2" type="PedestrianCrossing">
            <trigger_point x="-390.3" y="4151.4" z="373.0" yaw="90.0"/>
         </scenario>
         <scenario name="HardBreakRoute_1" type="HardBreakRoute">
            <trigger_point x="-412.8" y="4192.2" z="373.3" yaw="179.9"/>
         </scenario>
         <scenario name="SignalizedJunctionRightTurn_1" type="SignalizedJunctionRightTurn">
            <trigger_point x="-454.7" y="4192.3" z="373.4" yaw="179.9"/>
            <flow_speed value="12"/>
            <source_dist_interval from="10" to="50"/>
         </scenario>
         <scenario name="OppositeVehicleRunningRedLight_2" type="OppositeVehicleRunningRedLight">
            <trigger_point x="-497.4" y="4126.8" z="372.9" yaw="-90.3"/>
            <direction value="left"/>
         </scenario>
         <scenario name="ParkingCrossingPedestrian_3" type="ParkingCrossingPedestrian">
            <trigger_point x="-497.7" y="4063.1" z="372.0" yaw="-90.3"/>
            <distance value="45"/>
         </scenario>
         <scenario name="ParkingCrossingPedestrian_4" type="ParkingCrossingPedestrian">
            <trigger_point x="-390.2" y="3999.1" z="371.2" yaw="90.0"/>
            <direction value="right"/>
         </scenario>
         <scenario name="ParkingCutIn_4" type="ParkingCutIn">
            <trigger_point x="-390.3" y="4017.5" z="371.5" yaw="90.0"/>
         </scenario>
         <scenario name="SignalizedJunctionRightTurn_2" type="SignalizedJunctionRightTurn">
            <trigger_point x="-390.3" y="4027.2" z="371.6" yaw="90.0"/>
            <flow_speed value="13"/>
            <source_dist_interval from="40" to="70"/>
         </scenario>
         <scenario name="OppositeVehicleRunningRedLight_3" type="OppositeVehicleRunningRedLight">
            <trigger_point x="-539.4" y="4085.5" z="372.4" yaw="179.8"/>
            <direction value="right"/>
         </scenario>
         <scenario name="SignalizedJunctionRightTurn_3" type="SignalizedJunctionRightTurn">
            <trigger_point x="-775.4" y="3979.5" z="368.4" yaw="179.9"/>
            <flow_speed value="15"/>
            <source_dist_interval from="25" to="70"/>
         </scenario>
         <scenario name="ConstructionObstacle_1" type="ConstructionObstacle">
            <trigger_point x="-784.4" y="3927.0" z="368.0" yaw="-0.3"/>
         </scenario>
         <scenario name="CrossingBicycleFlow_1" type="CrossingBicycleFlow">
            <trigger_point x="-566.7" y="3925.9" z="370.0" yaw="-0.3"/>
            <start_actor_flow x="-583.7" y="3924.0" z="370.3"/>
            <flow_speed value="6"/>
            <source_dist_interval from="5" to="18"/>
         </scenario>
         <scenario name="DynamicObjectCrossing_2" type="DynamicObjectCrossing">
            <trigger_point x="-500.6" y="3946.2" z="369.6" yaw="90.2"/>
            <distance value="15"/>
            <blocker_model value="static.prop.foodcart"/>
            <crossing_angle value="6"/>
         </scenario>
         <scenario name="ParkingCutIn_5" type="ParkingCutIn">
            <trigger_point x="-604.9" y="4001.7" z="371.6" yaw="90.1"/>
            <direction value="left"/>
         </scenario>
         <scenario name="ParkingCrossingPedestrian_5" type="ParkingCrossingPedestrian">
            <trigger_point x="-605.2" y="4118.4" z="372.4" yaw="90.1"/>
            <direction value="left"/>
         </scenario>
         <scenario name="DynamicObjectCrossing_3" type="DynamicObjectCrossing">
            <trigger_point x="-582.0" y="4195.3" z="373.0" yaw="-0.1"/>
            <distance value="35"/>
            <blocker_model value="static.prop.container"/>
            <crossing_angle value="20"/>
         </scenario>
         <scenario name="PriorityAtJunction_1" type="PriorityAtJunction">
            <trigger_point x="-629.1" y="4333.8" z="373.1" yaw="136.6"/>
         </scenario>
         <scenario name="PriorityAtJunction_2" type="PriorityAtJunction">
            <trigger_point x="-629.1" y="4333.8" z="373.1" yaw="136.6"/>
         </scenario>
         <scenario name="HardBreakRoute_2" type="HardBreakRoute">
            <trigger_point x="-643.7" y="4347.6" z="372.9" yaw="136.6"/>
         </scenario>
         <scenario name="HazardAtSideLaneTwoWays_1" type="HazardAtSideLaneTwoWays">
            <trigger_point x="-656.9" y="4409.0" z="373.0" yaw="-0.1"/>
            <distance value="50"/>
            <frequency value="95"/>
            <bicycle_drive_distance value="100"/>
            <bicycle_speed value="8"/>
         </scenario>
         <scenario name="NonSignalizedJunctionRightTurn_2" type="NonSignalizedJunctionRightTurn">
            <trigger_point x="-495.4" y="4353.0" z="374.1" yaw="269.9"/>
            <flow_speed value="16"/>
            <source_dist_interval from="20" to="70"/>
         </scenario>
         <scenario name="ParkedObstacle_1" type="ParkedObstacle">
            <trigger_point x="-434.9" y="4303.4" z="373.9" yaw="-0.3"/>
            <distance value="50"/>
            <speed value="60"/>
         </scenario>
         <scenario name="ControlLoss_1" type="ControlLoss">
            <trigger_point x="-332.7" y="4302.8" z="373.6" yaw="-0.3"/>
         </scenario>
         <scenario name="PriorityAtJunction_3" type="PriorityAtJunction">
            <trigger_point x="-312.2" y="4302.7" z="373.6" yaw="-0.3"/>
         </scenario>
         <scenario name="HardBreakRoute_3" type="HardBreakRoute">
            <trigger_point x="-299.1" y="4302.6" z="373.5" yaw="-0.3"/>
         </scenario>
      </scenarios>
   </route>
   <route id="3" town="Town12">
      <!-- Urban route focused on high density areas with ostacle -->
      <weathers>
         <weather route_percentage="0"
            cloudiness="5.0" precipitation="0.0" precipitation_deposits="50.0" wetness="0.0"
            wind_intensity="10.0" sun_azimuth_angle="-1.0" sun_altitude_angle="15.0" fog_density="10.0"/>
         <weather route_percentage="100"
            cloudiness="5.0" precipitation="0.0" precipitation_deposits="0.0" wetness="0.0"
            wind_intensity="10.0" sun_azimuth_angle="-1.0" sun_altitude_angle="45.0" fog_density="2.0"/>
      </weathers>
      <waypoints>
         <position x="344.1" y="4514.1" z="370.6"/>
         <position x="791.0" y="4572.8" z="368.2"/>
         <position x="802.1" y="4426.3" z="368.1"/>
         <position x="856.5" y="4067.9" z="369.9"/>
         <position x="782.4" y="4053.5" z="370.4"/>
      </waypoints>
      <scenarios>
         <scenario name="ParkingExit_1" type="ParkingExit">
            <trigger_point x="1080.4" y="4141.4" z="366.6" yaw="279.0"/>
            <direction value="right"/>
            <front_vehicle_distance value="9"/>
            <behind_vehicle_distance value="9"/>
         </scenario>
         <scenario name="ParkingCutIn_1" type="ParkingCutIn">
            <trigger_point x="1097.9" y="4031.6" z="367.1" yaw="279.0"/>
            <direction value="right"/>
         </scenario>
         <scenario name="PriorityAtJunction_1" type="PriorityAtJunction">
            <trigger_point x="1100.2" y="4017.1" z="367.1" yaw="279.0"/>
         </scenario>
         <scenario name="ParkingCrossingPedestrian_1" type="ParkingCrossingPedestrian">
            <trigger_point x="1116.8" y="3915.3" z="367.3" yaw="279.5"/>
            <distance value="30"/>
         </scenario>
         <scenario name="VehicleOpensDoorTwoWays_1" type="VehicleOpensDoorTwoWays">
            <trigger_point x="1132.4" y="3822.5" z="367.4" yaw="279.5"/>
            <distance value="40"/>
            <frequency from="25" to="90"/>
         </scenario>
         <scenario name="VehicleTurningRoutePedestrian_1" type="VehicleTurningRoutePedestrian">
            <trigger_point x="1142.9" y="3760.2" z="367.4" yaw="279.5"/>
         </scenario>
         <scenario name="ConstructionObstacleTwoWays_1" type="ConstructionObstacleTwoWays">
            <trigger_point x="1109.9" y="3726.3" z="368.1" yaw="189.4"/>
            <distance value="80"/>
            <frequency from="40" to="145"/>
         </scenario>
         <scenario name="DynamicObjectCrossing_1" type="DynamicObjectCrossing">
            <trigger_point x="873.9" y="3686.7" z="371.0" yaw="189.6"/>
            <distance value="40"/>
            <blocker_model value="static.prop.foodcart"/>
            <crossing_angle value="10"/>
         </scenario>
         <scenario name="HardBreakRoute_1" type="HardBreakRoute">
            <trigger_point x="739.6" y="3701.3" z="371.7" yaw="179.9"/>
         </scenario>
         <scenario name="PriorityAtJunction_2" type="PriorityAtJunction">
            <trigger_point x="717.0" y="3701.4" z="371.7" yaw="179.9"/>
         </scenario>
         <scenario name="PedestrianCrossing_1" type="PedestrianCrossing">
            <trigger_point x="713.4" y="3701.4" z="371.7" yaw="179.9"/>
         </scenario>
         <scenario name="ParkingCrossingPedestrian_2" type="ParkingCrossingPedestrian">
            <trigger_point x="676.2" y="3720.8" z="371.8" yaw="89.6"/>
            <direction value="right"/>
         </scenario>
         <scenario name="HardBreakRoute_2" type="HardBreakRoute">
            <trigger_point x="624.3" y="3808.8" z="371.6" yaw="179.9"/>
         </scenario>
         <scenario name="VehicleTurningRoute_1" type="VehicleTurningRoute">
            <trigger_point x="592.0" y="3808.9" z="371.6" yaw="179.9"/>
         </scenario>
         <scenario name="ParkingCrossingPedestrian_3" type="ParkingCrossingPedestrian">
            <trigger_point x="569.0" y="3787.8" z="371.6" yaw="-90.1"/>
            <direction value="left"/>
         </scenario>
         <scenario name="OppositeVehicleRunningRedLight_1" type="OppositeVehicleRunningRedLight">
            <trigger_point x="569.0" y="3746.1" z="371.6" yaw="-90.1"/>
            <direction value="left"/>
         </scenario>
         <scenario name="ParkingCutIn_2" type="ParkingCutIn">
            <trigger_point x="568.9" y="3678.3" z="371.4" yaw="-90.1"/>
            <direction value="left"/>
         </scenario>
         <scenario name="ParkingCutIn_3" type="ParkingCutIn">
            <trigger_point x="568.7" y="3578.4" z="370.5" yaw="-90.1"/>
            <direction value="left"/>
         </scenario>
         <scenario name="HardBreakRoute_3" type="HardBreakRoute">
            <trigger_point x="619.7" y="3491.5" z="370.4" yaw="-0.1"/>
         </scenario>
         <scenario name="BlockedIntersection_1" type="BlockedIntersection">
            <trigger_point x="653.2" y="3491.5" z="370.9" yaw="-0.1"/>
         </scenario>
         <scenario name="ParkingCrossingPedestrian_4" type="ParkingCrossingPedestrian">
            <trigger_point x="674.7" y="3527.3" z="371.5" yaw="89.6"/>
            <distance value="30"/>
         </scenario>
         <scenario name="ParkingCutIn_4" type="ParkingCutIn">
            <trigger_point x="675.4" y="3619.9" z="371.9" yaw="89.6"/>
            <direction value="right"/>
         </scenario>
         <scenario name="PriorityAtJunction_3" type="PriorityAtJunction">
            <trigger_point x="675.7" y="3661.3" z="371.9" yaw="89.6"/>
         </scenario>
      </scenarios>
   </route>
<route id="4" town="Town12">
      <!-- Rural route focused on crossing actors -->
      <weathers>
         <weather route_percentage="0"
            cloudiness="20.0" precipitation="30.0" precipitation_deposits="50.0" wetness="0.0"
            wind_intensity="30.0" sun_azimuth_angle="-1.0" sun_altitude_angle="45.0" fog_density="3.0"/>
         <weather route_percentage="100"
            cloudiness="60.0" precipitation="60.0" precipitation_deposits="60.0" wetness="0.0"
            wind_intensity="60.0" sun_azimuth_angle="-1.0" sun_altitude_angle="45.0" fog_density="3.0"/>
      </weathers>
      <waypoints>
         <position x="3710.6" y="1885.6" z="349.4"/>
         <position x="3710.8" y="2465.8" z="362.7"/>
         <position x="3661.3" y="2522.4" z="364.4"/> 
         <position x="3601.0" y="2497.1" z="363.5"/>
         <position x="3551.0" y="2406.0" z="361.3"/>
      </waypoints>
      <scenarios>
         <scenario name="AccidentTwoWays_1" type="AccidentTwoWays">
            <trigger_point x="3710.6" y="1925.2" z="349.2" yaw="90.0"/>
            <distance value="75"/>
            <frequency from="40" to="115"/>
         </scenario>
         <scenario name="DynamicObjectCrossing_1" type="DynamicObjectCrossing">
            <trigger_point x="3710.7" y="2114.2" z="356.3" yaw="90.0"/>
            <distance value="45"/>
            <blocker_model value="static.prop.foodcart"/>
            <crossing_angle value="15"/>
         </scenario>
         <scenario name="VehicleTurningRoute_1" type="VehicleTurningRoute">
            <trigger_point x="3710.8" y="2467.8" z="362.8" yaw="90.0"/>
         </scenario>
         <scenario name="DynamicObjectCrossing_2" type="DynamicObjectCrossing">
            <trigger_point x="3684.2" y="2522.4" z="364.4" yaw="179.8"/>
            <distance value="30"/>
            <blocker_model value="static.prop.haybalelb"/>
            <crossing_angle value="15"/>
         </scenario>
         <scenario name="NonSignalizedJunctionRightTurn_1" type="NonSignalizedJunctionRightTurn">
            <trigger_point x="3645.0" y="2522.5" z="364.3" yaw="179.8"/>
            <flow_speed value="10"/>
            <source_dist_interval from="20" to="55"/>
         </scenario>
         <scenario name="VehicleTurningRoutePedestrian_1" type="VehicleTurningRoutePedestrian">
            <trigger_point x="3601.0" y="2443.9" z="362.4" yaw="-89.9"/>
         </scenario>
         <scenario name="DynamicObjectCrossing_3" type="DynamicObjectCrossing">
            <trigger_point x="3578.9" y="2405.9" z="361.4" yaw="179.8"/>
            <distance value="35"/>
            <blocker_model value="static.prop.haybalelb"/>
            <crossing_angle value="10"/>
         </scenario>
      </scenarios>
   </route> 
<route id="1" town="Town12">
   <!-- Curved road route -->
   <weathers>
      <weather route_percentage="0"
         cloudiness="60.0" precipitation="30.0" precipitation_deposits="50.0" wetness="60.0"
         wind_intensity="30.0" sun_azimuth_angle="-1.0" sun_altitude_angle="15.0" fog_density="3.0"/>
      <weather route_percentage="100"
         cloudiness="100.0" precipitation="100.0" precipitation_deposits="90.0" wetness="100.0"
         wind_intensity="100.0" sun_azimuth_angle="-1.0" sun_altitude_angle="15.0" fog_density="3.0"/>
   </weathers>
   <waypoints>
      <position x="-1251.0" y="1609.8" z="328.9"/>
      <position x="-1775.8" y="1517.2" z="330.0"/>
      <position x="-2348.7" y="1072.7" z="321.4"/>
      <position x="-3061.9" y="514.8" z="319.8"/>
      <position x="-3243.6" y="646.6" z="327.9"/>
      <position x="-3349.5" y="854.0" z="338.9"/>
   </waypoints>
   <scenarios>
      <scenario name="ConstructionObstacleTwoWays_1" type="ConstructionObstacleTwoWays">
         <trigger_point x="-1291.0" y="1609.4" z="328.6" yaw="-179.5"/>
         <distance value="80"/>
         <frequency from="45" to="105"/>
      </scenario>
      <scenario name="HazardAtSideLaneTwoWays_1" type="HazardAtSideLaneTwoWays">
         <trigger_point x="-1474.7" y="1607.9" z="325.7" yaw="-179.5"/>
         <distance value="70"/>
         <frequency value="80"/>
         <bicycle_drive_distance value="100"/>
         <bicycle_speed value="7"/>
      </scenario>
      <scenario name="HardBreakRoute_1" type="HardBreakRoute">
         <trigger_point x="-1626.7" y="1606.6" z="324.9" yaw="-179.5"/>
      </scenario>
      <scenario name="BlockedIntersection_1" type="BlockedIntersection">
         <trigger_point x="-1732.6" y="1605.7" z="328.2" yaw="-179.5"/>
      </scenario>
      <scenario name="HazardAtSideLaneTwoWays_2" type="HazardAtSideLaneTwoWays">
         <trigger_point x="-1782.7" y="1504.8" z="330.1" yaw="238.2"/>
         <distance value="90"/>
         <frequency value="90"/>
         <bicycle_drive_distance value="50"/>
         <bicycle_speed value="9"/>
      </scenario>
      <scenario name="DynamicObjectCrossing_1" type="DynamicObjectCrossing">
         <trigger_point x="-1899.2" y="1429.8" z="328.3" yaw="210.7"/>
         <distance value="50"/>
         <blocker_model value="vehicle.nissan.patrol_2021"/>
         <crossing_angle value="15"/>
      </scenario>
      <scenario name="InvadingTurn_1" type="InvadingTurn">
         <trigger_point x="-1944.4" y="1361.9" z="325.3" yaw="262.0"/>
         <distance value="120"/>
         <offset value="0.15"/>
      </scenario>
      <scenario name="HazardAtSideLaneTwoWays_3" type="HazardAtSideLaneTwoWays">
         <trigger_point x="-2062.7" y="1241.3" z="319.6" yaw="193.9"/>
         <distance value="90"/>
         <frequency value="75"/>
         <bicycle_drive_distance value="60"/>
         <bicycle_speed value="11"/>
      </scenario>
      <scenario name="AccidentTwoWays_1" type="AccidentTwoWays">
         <trigger_point x="-2234.9" y="1177.0" z="320.3" yaw="217.5"/>
         <distance value="80"/>
         <frequency from="45" to="115"/>
      </scenario>
      <scenario name="InvadingTurn_2" type="InvadingTurn">
         <trigger_point x="-2353.4" y="1070.3" z="321.6" yaw="206.3"/>
         <distance value="100"/>
         <offset value="0.25"/>
      </scenario>
      <scenario name="HazardAtSideLaneTwoWays_4" type="HazardAtSideLaneTwoWays">
         <trigger_point x="-2522.0" y="1013.6" z="317.6" yaw="224.4"/>
         <distance value="100"/>
         <frequency value="100"/>
         <bicycle_drive_distance value="65"/>
      </scenario>
      <scenario name="InvadingTurn_3" type="InvadingTurn">
         <trigger_point x="-2594.6" y="855.2" z="313.2" yaw="224.7"/>
         <distance value="110"/>
         <offset value="0.3"/>
      </scenario>
      <scenario name="InvadingTurn_4" type="InvadingTurn">
         <trigger_point x="-2748.6" y="833.4" z="313.7" yaw="168.9"/>
         <distance value="90"/>
         <offset value="0.2"/>
      </scenario>
      <scenario name="HardBreakRoute_2" type="HardBreakRoute">
         <trigger_point x="-2863.3" y="783.3" z="316.3" yaw="251.5"/>
      </scenario>
      <scenario name="ControlLoss_1" type="ControlLoss">
         <trigger_point x="-2867.1" y="749.1" z="315.0" yaw="275.7"/>
      </scenario>
      <scenario name="InvadingTurn_5" type="InvadingTurn">
         <trigger_point x="-2834.0" y="662.5" z="311.5" yaw="293.3"/>
         <distance value="110"/>
         <offset value="0.25"/>
      </scenario>
      <scenario name="ControlLoss_2" type="ControlLoss">
         <trigger_point x="-2822.7" y="627.4" z="310.8" yaw="280.1"/>
      </scenario>
      <scenario name="HazardAtSideLaneTwoWays_5" type="HazardAtSideLaneTwoWays">
         <trigger_point x="-2872.2" y="498.0" z="310.0" yaw="218.9"/>
         <frequency value="95"/>
         <bicycle_drive_distance value="60"/>
         <bicycle_speed value="10"/>
      </scenario>
      <scenario name="DynamicObjectCrossing_2" type="DynamicObjectCrossing">
         <trigger_point x="-3041.0" y="491.3" z="318.7" yaw="140.1"/>
         <distance value="60"/>
         <blocker_model value="static.prop.container"/>
         <crossing_angle value="10"/>
      </scenario>
      <scenario name="BlockedIntersection_2" type="BlockedIntersection">
         <trigger_point x="-3079.9" y="589.6" z="320.3" yaw="91.4"/>
      </scenario>
      <scenario name="ParkedObstacleTwoWays_1" type="ParkedObstacleTwoWays">
         <trigger_point x="-3147.2" y="618.6" z="323.3" yaw="174.9"/>
         <distance value="90"/>
         <frequency from="50" to="110"/>
      </scenario>
      <scenario name="HardBreakRoute_3" type="HardBreakRoute">
         <trigger_point x="-3306.1" y="664.2" z="330.2" yaw="177.7"/>
      </scenario>
      <scenario name="HazardAtSideLaneTwoWays_6" type="HazardAtSideLaneTwoWays">
         <trigger_point x="-3382.3" y="773.3" z="336.0" yaw="59.8"/>
         <distance value="100"/>
         <frequency value="75"/>
         <bicycle_drive_distance value="100"/>
         <bicycle_speed value="8"/>
      </scenario>
      <scenario name="ControlLoss_3" type="ControlLoss">
         <trigger_point x="-3389.7" y="1098.2" z="344.4" yaw="116.7"/>
      </scenario>
      <scenario name="ParkedObstacleTwoWays_2" type="ParkedObstacleTwoWays">
         <trigger_point x="-3484.2" y="1183.6" z="347.4" yaw="197.5"/>
         <distance value="90"/>
         <frequency from="45" to="110"/>
      </scenario>
      <scenario name="NonSignalizedJunctionRightTurn_1" type="NonSignalizedJunctionRightTurn">
         <trigger_point x="-3645.2" y="1160.5" z="349.3" yaw="183.7"/>
         <flow_speed value="8"/>
         <source_dist_interval from="10" to="30"/>
      </scenario>
      <scenario name="InvadingTurn_6" type="InvadingTurn">
         <trigger_point x="-3682.6" y="1107.5" z="347.5" yaw="-103.0"/>
         <distance value="100"/>
         <offset value="0.4"/>
      </scenario>
      <scenario name="DynamicObjectCrossing_3" type="DynamicObjectCrossing">
         <trigger_point x="-3744.0" y="967.3" z="344.1" yaw="-115.6"/>
         <distance value="55"/>
         <blocker_model value="vehicle.mini.cooper_s"/>
         <crossing_angle value="15"/>
      </scenario>
      <scenario name="ParkedObstacleTwoWays_3" type="ParkedObstacleTwoWays">
         <trigger_point x="-3775.8" y="869.3" z="342.3" yaw="-100.4"/>
         <distance value="80"/>
         <frequency from="40" to="95"/>
      </scenario>
      <scenario name="HardBreakRoute_4" type="HardBreakRoute">
         <trigger_point x="-3777.5" y="737.7" z="340.5" yaw="-81.8"/>
      </scenario>
      <scenario name="InvadingTurn_7" type="InvadingTurn">
         <trigger_point x="-3768.2" y="627.8" z="340.1" yaw="-97.0"/>
         <distance value="120"/>
         <offset value="0.3"/>
      </scenario>
      <scenario name="ControlLoss_4" type="ControlLoss">
         <trigger_point x="-3801.9" y="542.2" z="339.7" yaw="-125.9"/>
      </scenario>
      <scenario name="ParkedObstacleTwoWays_4" type="ParkedObstacleTwoWays">
         <trigger_point x="-3782.7" y="447.2" z="337.0" yaw="-12.7"/>
         <frequency from="35" to="115"/>
      </scenario>
      <scenario name="BlockedIntersection_3" type="BlockedIntersection">
         <trigger_point x="-3623.4" y="411.4" z="333.2" yaw="-12.7"/>
      </scenario>
      <scenario name="HazardAtSideLaneTwoWays_7" type="HazardAtSideLaneTwoWays">
         <trigger_point x="-3592.7" y="436.2" z="332.2" yaw="74.8"/>
         <distance value="70"/>
         <frequency value="75"/>
         <bicycle_drive_distance value="100"/>
         <bicycle_speed value="11"/>
      </scenario>
      <scenario name="HazardAtSideLaneTwoWays_8" type="HazardAtSideLaneTwoWays">
         <trigger_point x="-3431.8" y="1258.1" z="346.5" yaw="92.8"/>
         <distance value="90"/>
         <frequency value="90"/>
         <bicycle_drive_distance value="100"/>
         <bicycle_speed value="8"/>
      </scenario>
      <scenario name="ParkedObstacleTwoWays_5" type="ParkedObstacleTwoWays">
         <trigger_point x="-3406.8" y="1418.6" z="348.7" yaw="69.4"/>
         <distance value="85"/>
         <frequency from="35" to="105"/>
      </scenario>
      <scenario name="BlockedIntersection_4" type="BlockedIntersection">
         <trigger_point x="-3342.6" y="1641.5" z="350.3" yaw="95.9"/>
      </scenario>
      <scenario name="DynamicObjectCrossing_4" type="DynamicObjectCrossing">
         <trigger_point x="-3403.6" y="1668.2" z="351.5" yaw="188.0"/>
         <distance value="45"/>
         <blocker_model value="vehicle.tesla.model3"/>
         <crossing_angle value="5"/>
      </scenario>
      <scenario name="HazardAtSideLaneTwoWays_9" type="HazardAtSideLaneTwoWays">
         <trigger_point x="-3653.3" y="1718.5" z="340.0" yaw="152.4"/>
         <distance value="95"/>
         <frequency value="90"/>
         <bicycle_drive_distance value="60"/>
         <bicycle_speed value="9"/>
      </scenario>
      <scenario name="AccidentTwoWays_2" type="AccidentTwoWays">
         <trigger_point x="-3793.2" y="1757.2" z="333.4" yaw="176.7"/>
         <frequency from="45" to="115"/>
      </scenario>
      <scenario name="ControlLoss_5" type="ControlLoss">
         <trigger_point x="-3921.5" y="1741.1" z="330.9" yaw="194.4"/>
      </scenario>
      <scenario name="ControlLoss_6" type="ControlLoss">
         <trigger_point x="-3933.4" y="1738.1" z="330.7" yaw="194.4"/>
      </scenario>
      <scenario name="HardBreakRoute_5" type="HardBreakRoute">
         <trigger_point x="-3948.1" y="1734.3" z="330.5" yaw="194.4"/>
      </scenario>
      <scenario name="InvadingTurn_8" type="InvadingTurn">
         <trigger_point x="-4096.1" y="1695.1" z="327.8" yaw="198.2"/>
         <distance value="110"/>
         <offset value="0.25"/>
      </scenario>
      <scenario name="InvadingTurn_9" type="InvadingTurn">
         <trigger_point x="-4206.9" y="1642.7" z="325.8" yaw="225.3"/>
         <distance value="150"/>
         <offset value="0.3"/>
      </scenario>
      <scenario name="ControlLoss_7" type="ControlLoss">
         <trigger_point x="-4232.9" y="1607.0" z="325.4" yaw="232.2"/>
      </scenario>
      <scenario name="ParkedObstacleTwoWays_6" type="ParkedObstacleTwoWays">
         <trigger_point x="-4319.4" y="1653.0" z="322.5" yaw="80.3"/>
         <distance value="100"/>
         <frequency from="45" to="105"/>
      </scenario>
      <scenario name="HazardAtSideLaneTwoWays_10" type="HazardAtSideLaneTwoWays">
         <trigger_point x="-4260.0" y="1717.6" z="324.2" yaw="39.2"/>
         <distance value="90"/>
         <frequency value="95"/>
         <bicycle_drive_distance value="40"/>
         <bicycle_speed value="8"/>
      </scenario>
      <scenario name="ConstructionObstacleTwoWays_2" type="ConstructionObstacleTwoWays">
         <trigger_point x="-4100.3" y="1826.1" z="328.7" yaw="24.3"/>
         <frequency from="45" to="105"/>
      </scenario>
      <scenario name="ControlLoss_8" type="ControlLoss">
         <trigger_point x="-3966.0" y="1865.5" z="330.9" yaw="9.8"/>
      </scenario>
      <scenario name="ParkedObstacleTwoWays_7" type="ParkedObstacleTwoWays">
         <trigger_point x="-3721.3" y="1943.0" z="336.5" yaw="331.2"/>
         <distance value="85"/>
         <frequency from="50" to="105"/>
      </scenario>
      <scenario name="BlockedIntersection_5" type="BlockedIntersection">
         <trigger_point x="-3460.7" y="1833.2" z="346.8" yaw="329.0"/>
      </scenario>
   </scenarios>
   </route>
<route id="0" town="Town12">
      <!-- Mixed curved road route with highway -->
      <weathers>
         <weather route_percentage="0"
            cloudiness="40.0" precipitation="0.0" precipitation_deposits="50.0" wetness="0.0"
            wind_intensity="10.0" sun_azimuth_angle="-1.0" sun_altitude_angle="15.0" fog_density="2.0"/>
         <weather route_percentage="100"
            cloudiness="40.0" precipitation="0.0" precipitation_deposits="50.0" wetness="0.0"
            wind_intensity="10.0" sun_azimuth_angle="-1.0" sun_altitude_angle="15.0" fog_density="2.0"/>
      </weathers>
      <waypoints>
         <position x="-3279.6" y="3071.6" z="359.4"/>
         <position x="-3405.0" y="3384.7" z="361.7"/>
         <position x="-3693.8" y="4000.2" z="358.2"/>
         <position x="-3118.6" y="4075.9" z="362.6"/>
         <position x="-3050.3" y="3634.7" z="354.8"/>
      </waypoints>
      <scenarios>
         <scenario name="BlockedIntersection_1" type="BlockedIntersection">
            <trigger_point x="-3251.5" y="3141.7" z="359.5" yaw="68.2"/>
         </scenario>
         <scenario name="HazardAtSideLaneTwoWays_1" type="HazardAtSideLaneTwoWays">
            <trigger_point x="-3302.4" y="3215.4" z="359.5" yaw="159.0"/>
            <distance value="100"/>
            <frequency value="85"/>
            <bicycle_drive_distance value="50"/>
         </scenario>
         <scenario name="InvadingTurn_1" type="InvadingTurn">
            <trigger_point x="-3422.7" y="3536.1" z="362.7" yaw="89.1"/>
            <distance value="150"/>
            <offset value="0.15"/>
         </scenario>
         <scenario name="HazardAtSideLaneTwoWays_2" type="HazardAtSideLaneTwoWays">
            <trigger_point x="-3518.2" y="3577.0" z="361.7" yaw="205.4"/>
            <distance value="100"/>
            <frequency value="90"/>
            <bicycle_drive_distance value="60"/>
            <bicycle_speed value="10"/>
         </scenario>
         <scenario name="ParkedObstacleTwoWays_1" type="ParkedObstacleTwoWays">
            <trigger_point x="-3813.6" y="3441.0" z="354.2" yaw="165.3"/>
            <distance value="100"/>
            <frequency from="50" to="125"/>
         </scenario>
         <scenario name="InvadingTurn_2" type="InvadingTurn">
            <trigger_point x="-3942.7" y="3591.0" z="342.9" yaw="75.5"/>
            <distance value="130"/>
            <offset value="0.3"/>
         </scenario>
         <scenario name="DynamicObjectCrossing_1" type="DynamicObjectCrossing">
            <trigger_point x="-3922.2" y="3719.2" z="342.4" yaw="87.5"/>
            <distance value="70"/>
            <blocker_model value="vehicle.mini.cooper_s"/>
            <crossing_angle value="15"/>
         </scenario>
         <scenario name="HazardAtSideLaneTwoWays_3" type="HazardAtSideLaneTwoWays">
            <trigger_point x="-3884.1" y="3786.2" z="347.2" yaw="77.1"/>
            <distance value="80"/>
            <frequency value="100"/>
            <bicycle_drive_distance value="80"/>
            <bicycle_speed value="7"/>
         </scenario>
         <scenario name="ParkedObstacleTwoWays_2" type="ParkedObstacleTwoWays">
            <trigger_point x="-3752.6" y="3951.2" z="356.8" yaw="61.6"/>
            <frequency from="40" to="90"/>
         </scenario>
         <scenario name="InvadingTurn_3" type="InvadingTurn">
            <trigger_point x="-3604.6" y="3976.7" z="361.1" yaw="322.9"/>
            <distance value="160"/>
            <offset value="0.2"/>
         </scenario>
         <scenario name="DynamicObjectCrossing_2" type="DynamicObjectCrossing">
            <trigger_point x="-3395.5" y="4027.7" z="364.4" yaw="28.6"/>
            <distance value="60"/>
            <blocker_model value="vehicle.nissan.patrol_2021"/>
            <crossing_angle value="10"/>
         </scenario>
         <scenario name="AccidentTwoWays_1" type="AccidentTwoWays">
            <trigger_point x="-3354.0" y="4171.9" z="364.4" yaw="113.2"/>
            <frequency from="50" to="115"/>
         </scenario>
         <scenario name="InvadingTurn_4" type="InvadingTurn">
            <trigger_point x="-3504.6" y="4374.7" z="362.0" yaw="69.9"/>
            <distance value="100"/>
            <offset value="0.25"/>
         </scenario>
         <scenario name="ParkedObstacleTwoWays_3" type="ParkedObstacleTwoWays">
            <trigger_point x="-3331.4" y="4562.3" z="365.9" yaw="356.3"/>
            <frequency from="45" to="110"/>
         </scenario>
         <scenario name="HazardAtSideLaneTwoWays_4" type="HazardAtSideLaneTwoWays">
            <trigger_point x="-3297.7" y="4378.9" z="367.2" yaw="263.9"/>
            <frequency value="75"/>
            <bicycle_drive_distance value="90"/>
            <bicycle_speed value="10"/>
         </scenario>
         <scenario name="ParkedObstacleTwoWays_4" type="ParkedObstacleTwoWays">
            <trigger_point x="-3223.5" y="4141.9" z="365.0" yaw="330.5"/>
            <frequency from="40" to="100"/>
         </scenario>
         <scenario name="HardBreakRoute_1" type="HardBreakRoute">
            <trigger_point x="-3069.1" y="4012.5" z="361.5" yaw="305.5"/>
         </scenario>
         <scenario name="ConstructionObstacleTwoWays_1" type="ConstructionObstacleTwoWays">
            <trigger_point x="-2995.9" y="3769.3" z="357.6" yaw="245.7"/>
            <distance value="100"/>
            <frequency from="40" to="110"/>
         </scenario>
         <scenario name="BlockedIntersection_2" type="BlockedIntersection">
            <trigger_point x="-3102.7" y="3503.8" z="356.8" yaw="248.2"/>
         </scenario>
         <scenario name="InvadingTurn_5" type="InvadingTurn">
            <trigger_point x="-3028.4" y="3408.3" z="353.5" yaw="-24.2"/>
            <offset value="0.15"/>
         </scenario>
         <scenario name="ControlLoss_1" type="ControlLoss">
            <trigger_point x="-2969.2" y="3381.6" z="350.4" yaw="-24.2"/>
         </scenario>
         <scenario name="VehicleTurningRoutePedestrian_1" type="VehicleTurningRoutePedestrian">
            <trigger_point x="-2918.6" y="3136.8" z="350.8" yaw="-76.8"/>
         </scenario>
         <scenario name="HardBreakRoute_2" type="HardBreakRoute">
            <trigger_point x="-3055.7" y="3019.4" z="358.1" yaw="212.8"/>
         </scenario>
         <scenario name="DynamicObjectCrossing_3" type="DynamicObjectCrossing">
            <trigger_point x="-3147.2" y="2943.6" z="357.6" yaw="226.5"/>
            <distance value="50"/>
            <blocker_model value="vehicle.tesla.model3"/>
            <crossing_angle value="20"/>
         </scenario>
         <scenario name="HazardAtSideLaneTwoWays_5" type="HazardAtSideLaneTwoWays">
            <trigger_point x="-3218.4" y="2847.8" z="357.3" yaw="240.3"/>
            <distance value="60"/>
            <frequency value="75"/>
            <bicycle_drive_distance value="100"/>
            <bicycle_speed value="7"/>
         </scenario>
         <scenario name="ConstructionObstacleTwoWays_2" type="ConstructionObstacleTwoWays">
            <trigger_point x="-3356.0" y="2316.0" z="354.2" yaw="279.2"/>
            <frequency from="40" to="120"/>
         </scenario>
         <scenario name="ControlLoss_2" type="ControlLoss">
            <trigger_point x="-3342.1" y="2260.6" z="353.9" yaw="288.9"/>
         </scenario>
         <scenario name="HardBreakRoute_3" type="HardBreakRoute">
            <trigger_point x="-3311.2" y="2076.8" z="352.8" yaw="259.9"/>
         </scenario>
         <scenario name="VehicleTurningRoute_1" type="VehicleTurningRoute">
            <trigger_point x="-3359.8" y="1956.8" z="350.6" yaw="242.8"/>
         </scenario>
         <scenario name="HazardAtSideLaneTwoWays_6" type="HazardAtSideLaneTwoWays">
            <trigger_point x="-3278.1" y="1835.9" z="346.5" yaw="294.5"/>
            <distance value="90"/>
            <frequency value="80"/>
            <bicycle_speed value="6"/>
         </scenario>
         <scenario name="InvadingTurn_6" type="InvadingTurn">
            <trigger_point x="-3011.7" y="1764.4" z="331.3" yaw="1.3"/>
            <distance value="130"/>
            <offset value="0.25"/>
         </scenario>
         <scenario name="ControlLoss_3" type="ControlLoss">
            <trigger_point x="-2817.4" y="1833.8" z="326.7" yaw="45.4"/>
         </scenario>
         <scenario name="HardBreakRoute_4" type="HardBreakRoute">
            <trigger_point x="-2800.2" y="1848.8" z="326.5" yaw="37.0"/>
         </scenario>
         <scenario name="ParkedObstacleTwoWays_5" type="ParkedObstacleTwoWays">
            <trigger_point x="-2674.7" y="1996.3" z="332.4" yaw="109.1"/>
            <frequency from="45" to="115"/>
         </scenario>
         <scenario name="InvadingTurn_7" type="InvadingTurn">
            <trigger_point x="-2688.4" y="2222.3" z="340.5" yaw="108.4"/>
            <distance value="200"/>
            <offset value="0.3"/>
         </scenario>
         <scenario name="InvadingTurn_8" type="InvadingTurn">
            <trigger_point x="-2586.3" y="2367.0" z="341.2" yaw="330.0"/>
            <distance value="150"/>
            <offset value="0.25"/>
         </scenario>
         <scenario name="ControlLoss_4" type="ControlLoss">
            <trigger_point x="-2577.3" y="2361.5" z="340.6" yaw="327.1"/>
         </scenario>
         <scenario name="HardBreakRoute_5" type="HardBreakRoute">
            <trigger_point x="-2538.2" y="2430.7" z="335.0" yaw="153.4"/>
         </scenario>
         <scenario name="HazardAtSideLaneTwoWays_7" type="HazardAtSideLaneTwoWays">
            <trigger_point x="-2673.2" y="2495.2" z="341.4" yaw="186.0"/>
            <distance value="80"/>
            <frequency value="90"/>
            <bicycle_drive_distance value="40"/>
            <bicycle_speed value="9"/>
         </scenario>
         <scenario name="ParkedObstacleTwoWays_6" type="ParkedObstacleTwoWays">
            <trigger_point x="-2770.5" y="2621.3" z="345.3" yaw="96.5"/>
            <frequency from="40" to="100"/>
         </scenario>
         <scenario name="DynamicObjectCrossing_4" type="DynamicObjectCrossing">
            <trigger_point x="-2801.1" y="2818.8" z="349.4" yaw="102.5"/>
            <distance value="50"/>
            <blocker_model value="vehicle.audi.tt"/>
            <crossing_angle value="10"/>
         </scenario>
         <scenario name="ControlLoss_5" type="ControlLoss">
            <trigger_point x="-2832.3" y="2955.3" z="351.3" yaw="106.3"/>
         </scenario>
         <scenario name="HardBreakRoute_6" type="HardBreakRoute">
            <trigger_point x="-2843.5" y="2988.1" z="351.7" yaw="111.5"/>
         </scenario>
         <scenario name="HardBreakRoute_7" type="HardBreakRoute">
            <trigger_point x="-2913.3" y="3333.9" z="348.0" yaw="121.3"/>
         </scenario>
         <scenario name="BlockedIntersection_3" type="BlockedIntersection">
            <trigger_point x="-3089.6" y="3432.5" z="356.2" yaw="155.8"/>
         </scenario>
      </scenarios>
   </route>
 </routes>