{
    "_checkpoint": {
        "global_record": {},
        "progress": [
            5,
            5
        ],
        "records": [
            {
                "index": 0,
                "route_id": "RouteScenario_0_rep0",
                "status": "Completed",
                "num_infractions": 4,
                "infractions": {
                    "collisions_layout": [],
                    "collisions_pedestrian": [],
                    "collisions_vehicle": [
                        "Agent collided against object with type=vehicle.audi.tt and id=3862 at (x=-3907.17, y=3675.885, z=343.694)",
                        "Agent collided against object with type=vehicle.diamondback.century and id=3735 at (x=-3850.283, y=3879.969, z=350.524)"
                    ],
                    "red_light": [],
                    "stop_infraction": [],
                    "outside_route_lanes": [],
                    "min_speed_infractions": [
                        "Average speed is 81.08% of the surrounding traffic's one",
                        "Average speed is 81.08% of the surrounding traffic's one"
                    ],
                    "yield_emergency_vehicles_infractions": [],
                    "scenario_timeouts": [],
                    "route_dev": [],
                    "vehicle_blocked": [],
                    "route_timeout": []
                },
                "scores": {
                    "score_route": 100,
                    "score_penalty": 0.320293,
                    "score_composed": 32.029261
                },
                "meta": {
                    "route_length": 4210.947,
                    "duration_game": 544.1,
                    "duration_system": 1996.544
                }
            },
            {
                "index": 0,
                "route_id": "RouteScenario_1_rep0",
                "status": "Completed",
                "num_infractions": 3,
                "infractions": {
                    "collisions_layout": [],
                    "collisions_pedestrian": [],
                    "collisions_vehicle": [],
                    "red_light": [],
                    "stop_infraction": [],
                    "outside_route_lanes": [],
                    "min_speed_infractions": [
                        "Average speed is 91.18% of the surrounding traffic's one",
                        "Average speed is 82.1% of the surrounding traffic's one",
                        "Average speed is 82.1% of the surrounding traffic's one"
                    ],
                    "yield_emergency_vehicles_infractions": [],
                    "scenario_timeouts": [],
                    "route_dev": [],
                    "vehicle_blocked": [],
                    "route_timeout": []
                },
                "scores": {
                    "score_route": 100,
                    "score_penalty": 0.871789,
                    "score_composed": 87.178919
                },
                "meta": {
                    "route_length": 3206.913,
                    "duration_game": 470.1,
                    "duration_system": 2324.876
                }
            },
            {
                "index": 0,
                "route_id": "RouteScenario_2_rep0",
                "status": "Completed",
                "num_infractions": 3,
                "infractions": {
                    "collisions_layout": [],
                    "collisions_pedestrian": [],
                    "collisions_vehicle": [],
                    "red_light": [],
                    "stop_infraction": [],
                    "outside_route_lanes": [],
                    "min_speed_infractions": [
                        "Average speed is 80.45% of the surrounding traffic's one",
                        "Average speed is 40.86% of the surrounding traffic's one",
                        "Average speed is 40.86% of the surrounding traffic's one"
                    ],
                    "yield_emergency_vehicles_infractions": [],
                    "scenario_timeouts": [],
                    "route_dev": [],
                    "vehicle_blocked": [],
                    "route_timeout": []
                },
                "scores": {
                    "score_route": 100,
                    "score_penalty": 0.636953,
                    "score_composed": 63.695305
                },
                "meta": {
                    "route_length": 884.393,
                    "duration_game": 379.75,
                    "duration_system": 676.308
                }
            },
            {
                "index": 1,
                "route_id": "RouteScenario_3_rep0",
                "status": "Perfect",
                "num_infractions": 0,
                "infractions": {
                    "collisions_layout": [],
                    "collisions_pedestrian": [],
                    "collisions_vehicle": [],
                    "red_light": [],
                    "stop_infraction": [],
                    "outside_route_lanes": [],
                    "min_speed_infractions": [],
                    "yield_emergency_vehicles_infractions": [],
                    "scenario_timeouts": [],
                    "route_dev": [],
                    "vehicle_blocked": [],
                    "route_timeout": []
                },
                "scores": {
                    "score_route": 100,
                    "score_penalty": 1.0,
                    "score_composed": 100.0
                },
                "meta": {
                    "route_length": 1231.288,
                    "duration_game": 376.85,
                    "duration_system": 808.871
                }
            },
            {
                "index": 2,
                "route_id": "RouteScenario_4_rep0",
                "status": "Completed",
                "num_infractions": 1,
                "infractions": {
                    "collisions_layout": [],
                    "collisions_pedestrian": [],
                    "collisions_vehicle": [],
                    "red_light": [],
                    "stop_infraction": [],
                    "outside_route_lanes": [],
                    "min_speed_infractions": [
                        "Average speed is 80.58% of the surrounding traffic's one"
                    ],
                    "yield_emergency_vehicles_infractions": [],
                    "scenario_timeouts": [],
                    "route_dev": [],
                    "vehicle_blocked": [],
                    "route_timeout": []
                },
                "scores": {
                    "score_route": 100,
                    "score_penalty": 0.94174,
                    "score_composed": 94.174
                },
                "meta": {
                    "route_length": 900.445,
                    "duration_game": 276.2,
                    "duration_system": 850.362
                }
            }
        ]
    },
    "entry_status": "Started",
    "eligible": false,
    "sensors": [
        "carla_speedometer"
    ],
    "values": [],
    "labels": []
}